Year,Main mode,Commuting,Business,Education or escort education,Shopping,Other escort,Personal business,Leisure [note 2],Other including just walk,All purposes,Unweighted sample size: trips (thousands)
2002,"Walk [notes 3, 4]",16.3491715443974,2.86575999177347,44.1153804616766,59.2495693059547,13.3192394912566,34.7404325181313,52.4246692085697,40.9483943038349,264.012616825594,66.356
2002,Pedal cycle [note 5],6.54728734165956,0.612594643238266,1.83358655342363,2.36376263717573,0.364849350991745,1.308122877907,4.99921388238818,0.0,18.0294172867841,4.542
2002,Car or van driver,95.8325228042659,26.2267077387932,23.895373611658,90.1224229087793,57.4912433203952,47.1318003252965,97.3936612824846,0.320400419805065,438.414132411478,116.736
2002,Car or van passenger,16.9856545734875,2.40015890744602,25.7596206852604,46.0196176130998,30.7387018966679,24.5808718431431,93.4071710840586,0.0434874621023945,239.935284065266,63.814
2002,Motorcycle,2.00532123747241,0.0411549997062924,0.0519219437928483,0.471992200186726,0.114124616129399,0.297172875392986,0.8640335821526,0.00628912924038496,3.85201058407365,0.977
2002,Other private transport [note 6],0.867356741717947,0.314872435198734,3.29026483755804,0.496272991672528,0.122708894101417,1.04152342172496,2.10710608589085,0.0,8.24010540786448,2.244
2002,Bus in London,3.97107201266113,0.408255090618649,2.03081970852831,4.82381103789175,0.617118666876386,1.7077608499253,3.71732817063243,0.0,17.276165537134,3.684
2002,Other local bus,8.83487494536007,0.287473338353879,8.12252750408816,14.4175746612148,1.57384274320221,4.17481183729328,8.80376950153508,0.00665484836311693,46.2215293794106,11.943
2002,Non-local bus,0.141984082176998,0.0214498639000784,0.0485551453636341,0.0165571568529981,0.00345547847966373,0.0159546891901903,0.529500970245039,0.0,0.777457386208602,0.203
2002,London Underground,5.00026406390483,0.722960350139345,1.18413972415431,0.754996668941699,0.121239360135478,0.552245520187046,2.4055563458934,0.0,10.7414020333561,2.196
2002,Surface Rail,6.42855105043158,1.11731175878166,0.921213869201048,0.97592793425307,0.191713700762048,0.692597280573199,3.13050963132837,0.0,13.457825225331,3.243
2002,Taxi or minicab,0.925889755375911,0.410877086763863,0.390398043516228,1.79808291178446,0.595256907031037,1.1549498845089,6.32229834450389,0.0,11.5977529334843,3.0
2002,Other public transport [note 7],0.483383908846636,0.116663611022711,0.0369259549297535,0.366585448582344,0.0602721429799348,0.188222534520249,0.61605207473952,0.0,1.86810567562115,0.469
2002,All modes,164.373334061758,35.5462398157361,111.680728043151,221.87717347639,105.313766569009,117.586466457794,276.720870164422,41.3252261633458,1074.42380475161,279.407
2003,"Walk [notes 3, 4]",16.4330350483138,3.45097848882035,54.6657030706602,57.2185190959714,10.6939088032664,31.2202192320319,54.4899276504585,40.8567249273375,269.02901631686,77.969
2003,Pedal cycle [note 5],6.07793118774947,0.476581623741163,1.48193379955622,1.92579314105031,0.124859826902802,1.09486076657901,5.2202178099242,0.0,16.4021781555032,4.885
2003,Car or van driver,97.1892428914009,24.3897936956581,23.8287519958357,88.7508406094039,53.5341077280625,43.8213055207576,94.8879961765492,0.298735303060082,426.700773920728,129.003
2003,Car or van passenger,16.56332516774,2.46609114593344,25.7220038734047,44.4392915607341,28.9851734329963,23.8855565447071,90.6278466644431,0.0215142157396625,232.710802605698,72.891
2003,Motorcycle,2.51123524922959,0.0622770340174107,0.103618586917905,0.332063554346481,0.0200348756600692,0.217535174870814,0.804278632600737,0.0,4.051043107643,1.14
2003,Other private transport [note 6],0.845988541869755,0.234239573243791,3.48031667189307,0.372955604967235,0.166318459218342,0.759037779756844,1.87571845341802,0.0,7.73457508436705,2.454
2003,Bus in London,3.30930249457406,0.343171170209784,2.86128006517664,4.17751297170935,0.483780804007326,1.86851080197462,3.84785251013593,0.0,16.8914108177877,4.73
2003,Other local bus,9.44241021622478,0.52338118812052,8.85219818432627,13.5354315521208,1.53524786136601,4.36683681641855,8.73249148980014,0.0,46.9879973083771,13.842
2003,Non-local bus,0.0261616880373554,0.011174467376879,0.0,0.0599962761314687,0.00954165524200726,0.0160584024776786,0.87227186531134,0.0,0.995204354576729,0.311
2003,London Underground,4.25044254481951,0.839783417624669,0.713959559034319,0.666414310333584,0.0977102519831538,0.652209855155085,1.89620847337412,0.0,9.11672841232444,2.203
2003,Surface Rail,6.95313462934038,1.1871830591019,0.956423737881128,0.941629736172921,0.119798383808474,0.642919222793882,3.53092237003243,0.0,14.3320111391311,4.025
2003,Taxi or minicab,1.29190812698825,0.310274822386767,0.864787049230445,1.85953451075785,0.325603872312451,1.13807090368619,5.92087365235326,0.0,11.7110529377152,3.391
2003,Other public transport [note 7],1.18716302420947,0.150728860068407,0.211183722084387,0.564783040075865,0.0857489777290073,0.187342829659346,0.608721682948955,0.0,2.99567213677544,0.803
2003,All modes,166.081280810497,34.4456585463032,123.742160316001,214.844765963775,96.1818349325549,109.870463850869,273.31532743135,41.1769744461372,1059.65846629749,317.647
2004,"Walk [notes 3, 4]",21.8642166590254,3.04955024854026,51.6635967700546,58.967901938937,10.7862133329753,32.6582437097361,53.8424398464363,40.2795019637715,273.111664469476,78.57
2004,Pedal cycle [note 5],6.40182336543806,0.526307941727857,1.28817772864526,1.98649259917657,0.142968134832633,1.17292533561634,5.62686137081773,0.0,17.1455564762544,5.062
2004,Car or van driver,95.1285311316806,25.15113667869,24.5283626653076,85.2727349597859,52.6991295655907,42.4517896583556,95.5376514701682,0.439719086854926,421.209055216434,126.418
2004,Car or van passenger,16.1890313778976,2.37885801810133,26.0817580018587,43.6327093996803,26.79007260564,23.7319933345152,88.7972414987147,0.0442231633728747,227.645887399781,71.234
2004,Motorcycle,1.81617091790756,0.162332911685105,0.167216238030299,0.272371127029014,0.00665120832088184,0.245424929987209,0.871660416436751,0.0,3.54182774939682,0.994
2004,Other private transport [note 6],0.901425778599844,0.300125770237774,2.96625448258478,0.710726037630643,0.221886180508814,0.866126212844597,2.27301607619697,0.00272137985828795,8.24228191846171,2.581
2004,Bus in London,3.43841548633234,0.279299573430291,3.64316478754018,4.34416880550255,0.476736227877663,1.83567912889303,4.1988810592097,0.0067187670637829,18.2230638358495,4.94
2004,Other local bus,9.34659569697147,0.542415011218128,7.46439228519005,14.5395068616453,1.16191775092243,3.80932951612028,8.24472101725377,0.0,45.1088781393214,13.374
2004,Non-local bus,0.0,0.00320979750185838,0.0047098684505489,0.02038573742466,0.00583215125278514,0.0257761753690729,0.699653298703528,0.0,0.759567028702454,0.261
2004,London Underground,4.1967141945689,0.652018917207508,0.405318793149395,0.733328916130689,0.0853991121842196,0.460675488787415,2.01210993226519,0.0,8.54556535429331,1.899
2004,Surface Rail,8.3537349768736,1.34227844068818,1.37419469816153,1.35259300091296,0.239127609543299,0.948744163942899,3.33925791207189,0.0054132672381386,16.9553440694325,4.528
2004,Taxi or minicab,1.34746486513246,0.472546498770864,0.680188290592297,1.83221006948281,0.422634431590925,0.874398467711756,5.10182264281421,0.0,10.7312652660953,3.171
2004,Other public transport [note 7],0.700779271148992,0.0850711979454306,0.166418969180035,0.47112981144189,0.0266145309306953,0.236666338507021,0.617536464094821,0.0,2.30421658324889,0.634
2004,All modes,169.684903721577,34.9451510057445,120.433753578745,214.13625926478,93.0651828421703,109.317772460387,271.162853005184,40.7782976281595,1053.52417350675,313.666
2005,"Walk [notes 3, 4]",18.5554470916062,3.15927519187145,54.5744164054942,57.232625933419,10.6108191010259,29.2944114443377,53.4902428127676,44.6748264822403,271.592064462762,80.29
2005,Pedal cycle [note 5],4.75166170755659,0.290010469694378,1.23101144406054,2.13591778574655,0.14866730715571,1.13286565893264,5.60070855370852,0.0,15.2908429268549,4.618
2005,Car or van driver,94.3061942735719,27.0542914273862,23.0066529030031,87.139690022723,56.2960448852596,45.8437993014184,100.183384400185,0.476828509038945,434.306885722586,132.739
2005,Car or van passenger,15.3612870928551,3.05532375972489,25.2045401716164,43.8349318231515,26.4869396059758,25.9344728671234,94.4299065185674,0.0670655932049123,234.374467432219,73.584
2005,Motorcycle,2.09277707425647,0.136031128183684,0.1100017269599,0.38223397678325,0.00668605617190227,0.283381481341843,0.855016583222758,0.0,3.86612802691981,1.087
2005,Other private transport [note 6],0.465601743189868,0.5311747262964,3.38822161537538,0.791122101813785,0.171744223369048,0.733539851410075,2.32715655006831,0.0,8.40856081152287,2.736
2005,Bus in London,4.35885389563144,0.453632355047158,2.84547660893929,4.17651509143323,0.563521845160202,2.39284583476043,4.24127173308237,0.0,19.0321173640541,4.781
2005,Other local bus,8.57324923372214,0.412798720542548,7.73620346937161,12.2625325756638,1.22343171035872,4.30249667423042,8.26786927459717,0.0068016799122919,42.7853833383987,13.258
2005,Non-local bus,0.1097040827659,0.00895915387931917,0.0,0.0642691537923979,0.00581732165866326,0.0127723348910072,0.680836832818324,0.0,0.882358879805612,0.283
2005,London Underground,4.21702006126545,0.50231224290615,0.57509940756057,0.6112195819788,0.0673052405476695,0.372993846560881,2.26017871233881,0.0,8.60612909315833,1.962
2005,Surface Rail,7.3626171615288,1.48234326054838,1.25486754099451,1.16474620015424,0.201345126340946,0.68789563674543,4.00552450614964,0.0,16.159339432462,4.508
2005,Taxi or minicab,0.970916728537277,0.392464760176853,0.772166346420315,1.55779334149158,0.383375624547131,1.26830175637409,5.94859646964816,0.0,11.2936150271954,3.349
2005,Other public transport [note 7],1.27522327009493,0.194664516613929,0.0245950628466409,0.725867551828515,0.0604642404108432,0.16838396782411,0.762327240748331,0.0,3.2115258503673,0.921
2005,All modes,162.400553416582,37.6732817128713,120.723252702642,212.07946513998,96.2261622879822,112.42816065595,283.053020187903,45.2255222643965,1069.80941836831,324.116
2006,"Walk [notes 3, 4]",18.641470860698,4.01375155028881,49.2123980546664,60.984260877843,13.1700918096735,29.6052049938935,53.5640380316881,46.0142989668101,275.205515145561,79.28
2006,Pedal cycle [note 5],5.64466867798822,0.347281355366605,1.73265365536054,2.26856631916432,0.267137252702911,1.29687766770417,5.92524069894879,0.0,17.4824256272356,5.128
2006,Car or van driver,92.9891229858234,24.7307182362935,22.1672050924129,91.411093620055,56.4552824248259,44.3443273258385,99.2107800959974,0.536255834173299,431.84478561542,130.096
2006,Car or van passenger,15.4596782362892,2.32069066278993,23.2504698895048,45.6209152758497,25.739570138354,23.6914355867867,90.5203920230482,0.0732363580812158,226.676388170704,69.13
2006,Motorcycle,1.73241132949057,0.13680853024527,0.0413292585997286,0.329725359808331,0.0170470972066911,0.196012540776072,0.807054348183912,0.0,3.26038846431058,0.938
2006,Other private transport [note 6],0.550820377200105,0.32773137753051,2.22293213734094,0.845745840557224,0.18162574667544,0.948948409513982,2.28679086692686,0.0,7.36459475574506,2.288
2006,Bus in London,3.24713515404295,0.427079434646817,3.19770308553004,4.82839018650254,0.461452682931486,2.00292236409536,3.99518172875013,0.0,18.1598646364993,4.862
2006,Other local bus,9.04022213123148,0.324936060237814,8.19513940040468,14.201655057777,1.18814210291245,4.17681385154022,9.13192639621565,0.0,46.2588350003193,13.729
2006,Non-local bus,0.0883736072334577,0.0135861257118489,0.0472454628044279,0.0381702468679647,0.0,0.00284632602772089,0.446911365813423,0.0,0.637133134458843,0.206
2006,London Underground,4.74815756591144,0.761741559731297,0.349578902227859,0.915948217912238,0.112822642986872,0.549484530820653,2.1556035741402,0.0,9.59333699373055,2.366
2006,Surface Rail,7.72800594739036,1.26714275240457,1.34575766144064,1.6368979050968,0.189908847254447,0.60642180117615,4.14942155595047,0.00699414988802011,16.9305506206015,4.83
2006,Taxi or minicab,1.01624550304545,0.379602841830138,0.567261735865672,1.49280439475982,0.462582688834103,0.921056639407075,5.32216347981245,0.0,10.1617172835547,2.926
2006,Other public transport [note 7],1.06950277716798,0.191141231989455,0.106394512563881,0.824400945011981,0.0351276189449484,0.281343259082363,0.93515416240766,0.0,3.44306450716827,0.942
2006,All modes,161.955815153513,35.2422117190666,112.436068848723,225.398574247206,98.2807910533028,108.623695296662,278.450658327883,46.6307853089527,1067.01859995531,316.721
2007,"Walk [notes 3, 4]",19.0886040523031,2.15943275604514,50.8691466550883,45.9523329060586,10.1162031901396,25.0794729737158,45.8578564981763,40.4832895750737,239.6063386066,71.288
2007,Pedal cycle [note 5],5.43925113881606,0.429255183566437,0.925285736333192,1.65890262173714,0.28446145193867,0.897285175583958,4.98289365374131,0.0,14.6173349617168,4.295
2007,Car or van driver,95.8421532452826,24.704233126193,21.3829122190097,79.4060964509054,50.5030195604386,40.6314940170509,96.2427155296071,0.526038487391629,409.238662635879,124.955
2007,Car or van passenger,15.1191518745104,2.32479475766916,22.6213371356389,40.7534638458283,23.1353074143375,24.0576175399894,90.5901236557355,0.0437563591829346,218.645552582892,68.799
2007,Motorcycle,1.7476464590495,0.183734065570327,0.197514754444385,0.236516270945338,0.00388945572346128,0.201454361343079,0.791998155781211,0.0139407515209601,3.37669427437826,0.936
2007,Other private transport [note 6],0.48114113969345,0.221299466250569,3.05275653007324,0.821468793733535,0.156887365059981,0.907623793771496,1.91535937667733,0.0,7.5565364652596,2.45
2007,Bus in London,3.88373976431714,0.709369516950799,3.48233804290084,4.73146114024685,0.601033379083494,2.05735754086505,4.57007952280213,0.00177877236727384,20.0371576795336,5.83
2007,Other local bus,7.99958219569908,0.688327217621802,7.45046523484022,13.4490027599001,1.09181241567215,4.06103275057604,9.12548380816205,0.0032597752595143,43.8689661577309,12.846
2007,Non-local bus,0.191184945811522,0.00867692135838127,0.0518079275695392,0.0309997350517625,0.0110029874254602,0.0189291832038522,0.660730447557022,0.0,0.97333214797754,0.288
2007,London Underground,4.13241612565517,0.852355158138399,0.992753699408177,0.661148245136849,0.0726160357127817,0.524158902090521,2.42830360457937,0.0,9.66375177072127,2.657
2007,Surface Rail,8.36033822821341,1.65770687324582,0.937880923253315,1.22481426520646,0.208975084005192,0.875595153552552,4.29981433991122,0.0,17.565124867388,5.033
2007,Taxi or minicab,0.640050319502245,0.363809488730803,0.437363964752836,1.42667289132132,0.381707317557225,1.04975572565292,6.0976453093613,0.0,10.3970050168786,3.048
2007,Other public transport [note 7],0.666880845938334,0.191464584337395,0.196644528326283,0.374802076227058,0.0139477936327807,0.106101104515034,0.701197726054693,0.0,2.25103865903158,0.676
2007,All modes,163.592140334792,34.494459115678,112.598207351639,190.727682002299,86.5808634507269,100.467878221911,268.264201628147,41.072063720796,997.797495825988,303.101
2008,"Walk [notes 3, 4]",17.3578834522333,2.82531831118766,45.4271166182191,49.766652872424,10.9784733075003,27.4264075091893,42.2497613453261,45.8190239834886,241.850637399568,67.855
2008,Pedal cycle [note 5],5.91647736110845,0.45294245053309,1.69501501811914,1.94929214906736,0.342317714544814,1.21342779633055,5.27908406701927,0.0,16.8485565567227,4.853
2008,Car or van driver,89.4186535268438,21.026751442196,22.3762088626265,85.0762606447438,53.7543711896648,42.8621380562531,94.8770667684338,0.5739339194743,409.965384410236,120.482
2008,Car or van passenger,14.5338221115729,2.23039458381035,23.6329200940142,41.0971881534175,29.0366864664882,24.4280084466952,90.9826950493337,0.0408036641411095,225.982518569473,67.975
2008,Motorcycle,2.06080324376312,0.0703115065190552,0.0620587667602938,0.287144445207326,0.0271083098567684,0.289518491181889,1.2121636741948,0.0,4.00910843748326,1.094
2008,Other private transport [note 6],0.336205222131721,0.130306654335485,3.84432847884785,0.977835266550758,0.187267189493188,1.02857809152338,2.04919029731891,0.0,8.5537112002013,2.608
2008,Bus in London,4.6713933106236,0.518964726262044,3.79933398675777,4.43857321101344,0.57809260481618,1.99782495334233,4.62494790074334,0.00888313087354312,20.6380138244322,5.591
2008,Other local bus,7.93414369770136,0.634611929350521,7.20357602261914,14.0884563091315,1.33132651938347,4.45485075305379,8.54480395382257,0.00602083466509864,44.1977900197275,12.818
2008,Non-local bus,0.0589334139386502,0.0125045869678488,0.0305042396618345,0.0490992090397868,0.00667664571351077,0.00917538729893218,0.497721539838102,0.0,0.664615022458665,0.212
2008,London Underground,5.53291569292009,0.701424912311736,0.552801156800927,0.901300071363182,0.0816222894223175,0.553945653746094,2.1860749405721,0.0,10.5100847171364,2.523
2008,Surface Rail,8.78468668326335,1.56610194015222,1.24218793227319,1.42733978439537,0.241546561154477,0.860698809915415,4.2432608316196,0.00455721789636462,18.37037976067,5.01
2008,Taxi or minicab,1.25894625658247,0.440906833202235,0.389012607571928,1.51648311037499,0.398303739873354,1.03806395599492,5.40503078545783,0.0,10.4467472890577,2.978
2008,Other public transport [note 7],0.565184375065277,0.0698949594667411,0.184487232796718,0.459692231883574,0.0215735726078284,0.194878948886531,0.636306075078281,0.0,2.13201739578495,0.606
2008,All modes,158.430048347748,30.680434836295,110.439551017069,202.035317458613,96.9853661105193,106.357516853411,262.788107228758,46.453222750539,1014.16956460295,294.605
2009,"Walk [notes 3, 4]",16.640908075962,2.50562503956242,48.465188024132,48.9286768408411,11.994874191538,26.9992340526702,48.2658916991684,46.3733849447588,250.173782868633,75.271
2009,Pedal cycle [note 5],5.96924947879951,0.302624512436273,1.98123117226569,2.04397075404322,0.0774328096736504,0.979132734964463,5.04963842510113,0.0,16.4032798872839,4.94
2009,Car or van driver,82.6258594992386,20.9456986467144,22.1797664344122,82.0534493576726,50.2501244698323,42.6111053858517,91.7033656352146,0.440297856264051,392.8096672852,124.599
2009,Car or van passenger,13.8923733612312,2.12697154719181,23.3924630327745,39.4420574467034,26.8386990654089,23.5915754786214,89.125323265724,0.0208693747705547,218.430332572426,71.502
2009,Motorcycle,1.37390796610092,0.127100353591187,0.166952680143307,0.337903545982512,0.0215342522248963,0.155358247678667,0.913744274871142,0.0,3.09650132059264,0.901
2009,Other private transport [note 6],0.76999490809268,0.35345255842353,3.14610120083783,0.709593455629595,0.318359186919663,0.918526338294254,2.35968134577485,0.0,8.5757089939724,2.701
2009,Bus in London,4.92369244902661,0.783920556656992,3.55005079620275,4.74951027833978,0.594028140201106,2.79353095094278,4.30777125673602,0.00599985468804031,21.7085042827941,6.528
2009,Other local bus,7.69399880090198,0.5434455637959,7.0565856044479,14.1375875217256,1.6184068254207,4.82883801159585,9.31333941774337,0.0211376079181868,45.2133393535495,14.061
2009,Non-local bus,0.0120329187236408,0.0190962376443135,0.0285701703451645,0.0676266307898898,0.0,0.0372269395089159,0.40768720697871,0.0,0.572240103990635,0.187
2009,London Underground,4.76645055003092,0.94154509721296,0.889710206939924,0.579272877046096,0.140129362762575,0.741391666957852,2.33975208770778,0.0,10.3982518486581,2.671
2009,Surface Rail,7.23036043016816,1.43179016209561,1.47164455388043,1.23823178555684,0.295054356092242,0.717604571164889,4.64956205956165,0.0,17.0342479185198,5.192
2009,Taxi or minicab,0.981452200736663,0.269458709885551,0.52626591170198,1.56268060577372,0.463847038889068,1.10630328645433,5.19156390010605,0.0,10.1015716535474,3.065
2009,Other public transport [note 7],0.601939427382013,0.0789661927561338,0.213319423131285,0.463666316766806,0.0531509944614082,0.151229328364122,0.573796631847107,0.0,2.13606831470887,0.645
2009,All modes,147.482220066395,30.4296951779671,113.067849211215,196.314227416871,92.6656406934245,105.631056993069,264.201117206535,46.8616896383996,996.653496403876,312.263
2010,"Walk [notes 3, 4]",16.7784865035861,2.02889405703156,46.1694632056144,46.8553860923984,10.5811474425718,24.292347234835,43.4729509665911,44.1333560219318,234.31203152456,66.857
2010,Pedal cycle [note 5],4.97509016750719,0.445762676864876,1.45575000559782,1.95265887757816,0.268528388838961,1.03329855000316,5.24304741340614,0.0,15.3741360797963,4.435
2010,Car or van driver,86.4210508301459,20.1032575745437,24.4871159368606,85.9221534521571,51.0845678221187,41.800151361534,91.4985001152243,0.467525389947906,401.784322482532,120.982
2010,Car or van passenger,12.4274609261145,2.22701512623766,25.0893610991955,38.7481006453784,26.7956930453607,22.6317767822377,84.5065080134288,0.0411554624480675,212.467071100401,66.065
2010,Motorcycle,1.34369837375774,0.230065407655403,0.0886569045568014,0.350115093017193,0.0210951315058803,0.282121872843932,0.554009567779832,0.0,2.86976235111678,0.78
2010,Other private transport [note 6],0.407871930416683,0.147191488445855,2.57426009896568,0.745311387374399,0.37534187057811,0.720253662280545,2.16044051910846,0.0,7.13067095716974,2.415
2010,Bus in London,5.90786532369338,0.754173302460347,3.9624149446003,5.27473852205578,0.57944271680287,2.93051444508,5.26068505846124,0.0,24.6698343131539,6.903
2010,Other local bus,7.08701137176975,0.450474215179571,7.74708296348844,13.3118820657387,1.16173590795637,4.22657657069845,8.17429985854479,0.00557199387552991,42.1646349472516,12.44
2010,Non-local bus,0.0505819915831285,0.0166265920312005,0.0146491731347642,0.0174905031188737,0.00353720872026007,0.0523048890584038,0.4664243226489,0.0,0.621614680295531,0.19
2010,London Underground,4.51946494469956,0.69225528046353,0.533016916099463,0.668731779886163,0.123006258696977,0.659415850662688,1.97796390951942,0.0,9.17385494002781,2.4
2010,Surface Rail,8.92586673991394,1.33627252462317,1.22955680615045,1.38184722307929,0.324503107792582,1.23163026744199,5.06836872019951,0.0,19.4980453892009,5.461
2010,Taxi or minicab,0.648769179073648,0.214196201511906,0.445763474964943,1.50862158974628,0.561766817633702,1.15273935054464,4.84645964902993,0.0,9.37831626250505,2.721
2010,Other public transport [note 7],0.778182369050261,0.105192798177093,0.397873805434901,0.435442383665827,0.0494588947932762,0.0849933394054339,0.605259481541769,0.0,2.45640307206856,0.683
2010,All modes,150.271400651312,28.7513772452259,114.194965334664,197.172479615195,91.9298246133703,101.098124176626,253.834917595484,44.6476088682033,981.90069810008,292.332
2011,"Walk [notes 3, 4]",16.8548470633475,1.94203690944383,46.690029571914,49.2814084977658,12.0329947429637,23.6944072876789,45.5472400505028,45.7842624362597,241.827226559876,64.39
2011,Pedal cycle [note 5],6.17135219674487,0.303145768570152,1.70199040266782,1.5505810444778,0.29798099218328,0.725241561015577,5.65534054547716,0.0,16.4056325111367,4.482
2011,Car or van driver,84.884540712506,19.8217553284359,22.8725370709123,83.4951037562913,48.6146996954517,40.0764228193834,92.3640177375273,0.343517746582137,392.47259486709,112.966
2011,Car or van passenger,12.9467577152022,1.99315376157762,23.302596429673,37.3634108810264,28.2249243229833,20.5052339062557,84.7395296155033,0.0283847582433307,209.103991390465,60.805
2011,Motorcycle,1.74242959040764,0.169999150763395,0.0466600275547584,0.480857749288,0.0140019432391097,0.27412834519461,0.849509742821341,0.0,3.57758654926885,0.947
2011,Other private transport [note 6],0.161193160149262,0.254252194403616,2.6049607334778,0.465957377798895,0.192774098818393,0.675842989587015,2.05290398184383,0.0,6.40788453607881,1.967
2011,Bus in London,4.59210399190344,0.893108501843302,3.54224595599016,4.82383509611165,0.833728517568332,2.16630832823309,3.85741843828705,0.0,20.708748829937,5.351
2011,Other local bus,7.13496314584007,0.5336396762176,7.72198844524971,12.1774623766391,1.46344901145891,4.28396791472158,8.73044418899705,0.0,42.045914759124,11.963
2011,Non-local bus,0.0809966886592235,0.00231231420171168,0.0,0.044410855045902,0.00670569969394883,0.0176110491204748,0.377595592179862,0.0,0.529632198901123,0.144
2011,London Underground,4.45241931066953,0.693899927845153,0.606582500484777,0.625246604334471,0.0791188954915496,0.510612204387718,1.9913655363971,0.0,8.9592449796103,2.196
2011,Surface Rail,7.6284615504422,1.43744786586312,1.12303665039901,1.42062433238596,0.325813302665098,0.732639985916444,4.75764851664851,0.0,17.4256722043203,4.713
2011,Taxi or minicab,0.932151863582663,0.291153644453076,0.634035917106866,1.50015217328535,0.504629321549267,0.923253044860616,5.10956230744069,0.0,9.89493827227852,2.793
2011,Other public transport [note 7],0.695880217521055,0.0804279320704797,0.150089254245175,0.477497887721723,0.124303118820866,0.226536716566705,0.70548590294019,0.0,2.46022102988619,0.694
2011,All modes,148.278097206976,28.4163329756889,110.996752959675,193.706548632172,92.7151236628875,94.8122061529219,256.738062156566,46.1561649410852,971.819288687973,273.411
2012,"Walk [notes 3, 4]",18.1745669319614,3.05800251843151,47.3948157238123,44.9013287964343,10.8352084875625,21.1299061769539,42.0679763134134,45.562064861784,233.123869810353,65.976
2012,Pedal cycle [note 5],5.84839211805902,0.391359056030905,1.86678801826668,1.97208041792526,0.119518268385115,1.24598731625263,5.56148717529025,0.0,17.0056123702099,4.922
2012,Car or van driver,82.1704389073201,20.6091802084343,26.9616365159806,83.5729986372124,49.4948333220898,41.0160396492589,92.2947888784506,0.254220918170833,396.374137036918,122.105
2012,Car or van passenger,13.0867264439272,1.85642669084324,27.8320726049944,40.0230639140741,24.1102168237824,22.4259589586412,83.3149149033059,0.0387064309622649,212.688086770531,65.784
2012,Motorcycle,1.87696071501678,0.181064848996191,0.139353270711825,0.263683080554041,0.0294415828055197,0.210606988789216,0.824944426895685,0.0,3.52605491376926,1.005
2012,Other private transport [note 6],0.183396511124465,0.135316622325552,2.33672887749304,0.946613849842429,0.327277735836021,0.98596269584743,2.11449437314925,0.0,7.02979066561819,2.217
2012,Bus in London,3.86376179906604,0.479615058960901,3.24753317822192,4.12885890838906,0.614760550928588,2.17282366555054,4.0764790669302,0.00343257679543956,18.5872648048427,5.082
2012,Other local bus,7.38723168318203,0.566928871584502,8.34919516686152,11.2609816565015,1.43016765853622,4.14948101032935,8.17338627588845,0.0,41.3173723228836,12.298
2012,Non-local bus,0.0642445247073404,0.00519348200217144,0.0224627971748832,0.033337116130006,0.0,0.0,0.578651846531023,0.0,0.703889766545424,0.209
2012,London Underground,4.12809764088885,0.686121997705813,0.81689724700935,0.67126491852443,0.0994367462674259,0.507441711959512,2.11012732033492,0.0,9.0193875826903,2.181
2012,Surface Rail,8.46800828993253,1.82797888156822,1.57926454931708,1.27770197801183,0.264883689750741,0.784584510451501,5.33450151942102,0.0,19.5369234184529,5.479
2012,Taxi or minicab,1.01823484002806,0.286300979266862,0.877264485579952,1.66734874122443,0.525589396757417,1.09082444685264,4.65125726639933,0.0,10.1168201561087,2.959
2012,Other public transport [note 7],0.853843752464724,0.104786471183813,0.149100393766646,0.610696382771766,0.0200609223914101,0.137781553992799,0.574244292733498,0.0,2.45051376930466,0.676
2012,All modes,147.123904157679,30.188275687334,121.57311282919,191.329958397596,87.8713951850932,95.8573986848796,251.677253658743,45.8584247877126,971.479723388227,290.893
2013,"Walk [notes 3, 4]",15.4877898011522,2.24937039499062,49.4419640254367,42.0265715147487,10.6766366918402,20.0636071652472,39.7280371276494,43.2532122546028,222.927188975668,61.81
2013,Pedal cycle [note 5],5.37775129098864,0.378722263924232,1.21343798442838,1.46194431624748,0.209745482436596,0.904374605245733,4.83122454352141,0.0,14.3772004867925,3.944
2013,Car or van driver,82.7609362132638,20.6087959391594,22.7458501764301,80.5273358173845,47.5484333146632,37.7245975938597,87.8171192607607,0.329462799268879,380.06253111479,112.661
2013,Car or van passenger,14.9132876331627,2.26093929281786,24.5115753347005,38.7963162535778,25.1107489201802,21.6341123791385,82.3412145765657,0.0403114409649141,209.608505831108,63.27
2013,Motorcycle,1.33261795082851,0.168635553536541,0.0725666674313638,0.388675696574927,0.0404792572292215,0.254434139985578,0.758204799663532,0.00655147406924669,3.02216553931892,0.808
2013,Other private transport [note 6],0.396936728626234,0.342807458810297,2.58372063423856,0.748966964570932,0.266403048850526,0.929992196682688,1.61850637882351,0.0,6.88733341060274,2.087
2013,Bus in London,3.58698555739473,0.483800314880584,4.99093490988524,4.49338557555304,0.814082795204355,2.22348568764079,4.73362171394713,0.0,21.3262965545059,6.063
2013,Other local bus,7.03312711966103,0.561071106138788,8.04062572733076,11.4327155592562,1.21754275821048,4.73773658450157,8.49371748220882,0.0,41.5165363373076,11.715
2013,Non-local bus,0.00378505583903514,0.00789196434379316,0.0106164866696692,0.0133325821676622,0.0100574265633759,0.00383201304999363,0.457946603019574,0.0,0.507462131653103,0.156
2013,London Underground,4.78923598094052,0.712670852676637,0.603458720176232,0.566673957966662,0.136719767122906,0.411630975074518,2.00483455109976,0.0,9.22522480505724,2.21
2013,Surface Rail,8.43358308353492,1.79487497851925,1.73778911218666,1.62653387098073,0.262964434899119,0.963336552473247,5.49730805789411,0.0,20.316390090488,5.476
2013,Taxi or minicab,0.97759240870041,0.241121331533577,0.83235845395725,1.539416731755,0.471187624624702,1.24341052855067,4.6173620368814,0.0,9.92244911600302,2.754
2013,Other public transport [note 7],0.8256818936101,0.131637772074428,0.331609335679172,0.507325990828229,0.0619146981841229,0.178571055778824,0.846412156586374,0.0,2.88315290274125,0.797
2013,All modes,145.919310717703,29.942339223406,117.116507568551,184.129194831612,86.8269162200089,91.273121477229,243.745509288621,43.6295379689058,942.582437296036,273.751
2014,"Walk [notes 3, 4]",16.3747114821078,2.5681060400686,46.4322754115392,41.7950941380939,9.86841351663538,21.8063799906363,39.1749268508552,42.1241689831868,220.144076413123,62.956
2014,Pedal cycle [note 5],6.46181395475728,0.59705924088357,1.88973449694054,1.93944209552845,0.194133920283786,0.758187059866237,6.24922219544683,0.0,18.0895929637067,4.889
2014,Car or van driver,80.7080103427815,22.5305887613623,25.8933105164785,78.091741996685,48.3633403208571,39.2110864983438,88.8563835636236,0.246682061091987,383.901144061224,115.748
2014,Car or van passenger,14.4658299649972,1.60350390117604,27.05602705814,35.8109822139123,24.6863835235726,22.2806117995258,80.042915192623,0.0297069298348825,205.975960583782,63.747
2014,Motorcycle,1.68738019816952,0.179079782047233,0.145675176867963,0.240008709792666,0.0671060111546165,0.236293050505404,0.71655135794162,0.0,3.27209428647903,0.91
2014,Other private transport [note 6],0.51211591653857,0.262748976074587,2.22923688995128,0.814648483946851,0.0760570386888567,0.578596947433858,1.59492426443413,0.0,6.06832851706813,1.962
2014,Bus in London,3.87296304190895,0.659330390511304,3.28137335185244,3.6722479751718,0.566282470263961,2.63767002631155,4.20407964044506,0.0,18.8939468964651,5.564
2014,Other local bus,7.48773095184035,0.566956777431566,7.48898311566423,11.4481113029984,1.36590111676384,4.16639134886506,7.93382218603581,0.0,40.4578967995992,12.045
2014,Non-local bus,0.059901755829958,0.0312386969493848,0.0467509154441057,0.0245430834242567,0.0,0.033261862706548,0.554974790869341,0.0,0.750671105223595,0.231
2014,London Underground,5.02985036836995,0.980834021441068,0.540710882551855,0.649382142673076,0.0800433240219246,0.592156896884493,2.4344864749861,0.0,10.3074641109285,2.497
2014,Surface Rail,10.0255338332695,1.8644741694969,1.25560971673527,1.29017779171548,0.275759491657361,1.0750415118095,5.112146756971,0.0,20.898743271655,5.764
2014,Taxi or minicab,1.00094968178869,0.359729287916793,0.662212418230682,1.57388402451233,0.410229053836629,1.23796226846049,5.21165335398457,0.00720928002669629,10.4638293687569,3.052
2014,Other public transport [note 7],0.647709177958746,0.0596666751501422,0.298653902533976,0.427412097028528,0.0473680032946403,0.254737421563321,0.584950385785482,0.0,2.32049766331484,0.687
2014,All modes,148.334500670318,32.2633167205095,117.22055385293,177.777676055483,86.0010177910307,94.8683766829123,242.671037014002,42.4077672541404,941.544246041326,280.052
2015,"Walk [notes 3, 4]",16.7135031895141,2.00245770795385,46.2034506665257,41.604985039344,9.87821893781176,19.9207487682868,36.6153620900904,46.3554361029307,219.294162502457,58.331
2015,Pedal cycle [note 5],5.97182922199555,0.428274785521469,1.63366403493222,2.00628667450676,0.42967088668792,1.0843319139503,5.48711512179126,0.0,17.0411726393855,4.514
2015,Car or van driver,79.280694190072,21.55846834163,24.3437263935154,80.6902271839492,46.730174392222,38.5015473222865,89.4180359200558,0.292740065861412,380.815613809592,107.95
2015,Car or van passenger,12.1335381157503,1.74715862928441,26.4859275050833,37.0484604303883,23.675610710749,21.6388731105427,80.8047627922694,0.0382356414866064,203.572566935554,58.194
2015,Motorcycle,1.68834498782939,0.102438514769319,0.073689305543235,0.237637711532965,0.0150820823263118,0.111072613866068,0.477445440523283,0.0,2.70571065639057,0.704
2015,Other private transport [note 6],0.470047231846289,0.289955316064239,2.42119690317501,0.751447875120968,0.142417980613663,0.731702974580492,1.78917030277374,0.0,6.5959385841744,1.873
2015,Bus in London,4.4037923732194,0.89687567060397,3.41115994837364,4.30682962931299,0.773423696923705,2.09543267302186,4.21681809061443,0.0,20.10433208207,5.498
2015,Other local bus,7.66512861536699,0.600452582863009,7.75670203311418,11.26873711723,1.46201335789433,4.12095300158463,8.4379241089229,0.0,41.3119108169761,11.142
2015,Non-local bus,0.0540657572793638,0.0186950147979213,0.0,0.0222949423715151,0.00683735643520115,0.0322786173281809,0.466016497155131,0.0,0.600188185367314,0.171
2015,London Underground,3.91887696055421,1.21726442968816,0.546833983434088,0.445656509033337,0.0968029441165743,0.533273953065968,2.39644947678233,0.0,9.15515825667467,2.334
2015,Surface Rail,9.33742335018879,1.85278040161395,1.35056346451461,1.23805719385127,0.209468033048101,0.967329220351573,5.11969526320151,0.0,20.0753169267698,5.387
2015,Taxi or minicab,0.855635704106973,0.248591011252417,0.751153219316357,1.36034906808998,0.402668355228955,1.43083244326897,4.6207187216364,0.0,9.66994852290006,2.609
2015,Other public transport [note 7],1.06999491465055,0.158431170541517,0.164191536356237,0.529720053064431,0.0914940103162302,0.17579306238726,0.709879913659925,0.0,2.89950466097616,0.758
2015,All modes,143.562874612374,31.1218435765842,115.142258993884,181.510689427796,83.9138827443737,91.3441696745213,240.559393739476,46.6864118102787,933.841524579288,259.465
2016,"Walk [notes 3, 4]",16.4860891506222,2.52788602816488,50.0234087758377,46.2057678889994,10.8030943464626,20.7295299330685,40.5612779250715,55.4054691377464,242.742523185973,69.644
2016,Pedal cycle [note 5],5.60106429295756,0.318109683287596,1.6972584500291,1.66576707424965,0.114673562684881,0.600085559349171,4.69106883307964,0.0,14.6880274556376,4.296
2016,Car or van driver,80.2322595080064,23.3980950779098,25.0145847312879,82.4952409712346,46.6776784654795,37.9796342279721,93.1402664427382,0.236774419617969,389.174533844246,113.241
2016,Car or van passenger,12.1984921928022,1.82902839037253,26.1478838307354,34.8917756482596,23.0764874937061,20.9486712367431,82.5367009083289,0.0,201.629039700948,59.809
2016,Motorcycle,1.54900293166361,0.197581372431907,0.0162524378377902,0.165854783572275,0.0421949793972252,0.2067008615356,0.909384587730653,0.0,3.08697195416906,0.818
2016,Other private transport [note 6],0.654182671226321,0.144768195104277,1.82768007187817,0.845204172911257,0.280727139585303,0.728808939376104,1.83473126419384,0.0,6.31610245427527,1.889
2016,Bus in London,3.79113815271915,0.460944362869069,2.68515688340655,3.18275015089862,0.72132382153407,1.8997866788648,3.34422304632131,0.0,16.0853230966136,4.652
2016,Other local bus,6.49809046406146,0.403189775274811,6.98816038618,9.73549223275918,0.983568526399,3.10078165924376,7.70775719965735,0.0,35.4170402435756,9.926
2016,Non-local bus,0.0454992528316562,0.00520216786985967,0.00364261254107969,0.0424804159247246,0.00262906557270094,0.0187910108138045,0.466608891356666,0.0,0.584853416910491,0.156
2016,London Underground,5.22018950639635,0.902642734952118,0.30967697678085,0.600220011721726,0.125902637312992,0.595544056081652,2.21886258191494,0.0,9.97303850516063,2.508
2016,Surface Rail,10.016602980164,2.10616322359655,1.74977026680806,1.11078038536289,0.271359281304267,0.85445595263171,4.87740147572804,0.0,20.9865335655955,5.748
2016,Taxi or minicab,1.25983407689166,0.292963538160643,0.865149627766442,1.43046165459888,0.477219675731353,1.225086509349,5.25890931640863,0.0,10.8096243989066,3.036
2016,Other public transport [note 7],0.87457304294906,0.213271671875256,0.168360155232646,0.494415988229338,0.0633032148187961,0.1764188543546,0.669002465600824,0.0,2.65934539306052,0.727
2016,All modes,144.427018223292,32.7998462218693,117.496985206322,182.866211378722,83.6401622099888,89.0642954793839,248.21619493813,55.6422435573644,954.152957215072,276.45
2017,"Walk [notes 3, 4]",16.1999589094721,2.69132170126482,52.1377808062052,50.2472785940306,11.6553362511991,23.7935631246953,40.5732824563686,57.4630883051524,254.761610148388,69.192
2017,Pedal cycle [note 5],5.69738051440992,0.502563212267956,1.56001879693753,1.75616708279828,0.216110271926042,0.942598863665197,5.93663996370347,0.0,16.6114787057084,4.109
2017,Car or van driver,79.6534107052137,17.9974569324503,25.2701112502128,84.9265088700223,46.8080738667118,39.5041895520106,95.6995992786418,0.392138317927421,390.251488773191,102.425
2017,Car or van passenger,11.0193981980071,1.37020733272081,26.8485536903328,34.6127060582095,25.5732467518302,22.1649442373467,82.3916144356686,0.0360421347460139,204.016712838862,53.671
2017,Motorcycle,1.68518249647489,0.133390354235729,0.0370420679178907,0.337766354489147,0.0368304839676266,0.213375383585987,0.779649619326987,0.00780328297639409,3.23104004297465,0.761
2017,Other private transport [note 6],0.256452949451926,0.220370165632814,2.29771570662641,0.744286478959646,0.204841982163313,0.703700158781746,1.72067548670205,0.0,6.1480429283179,1.657
2017,Bus in London,4.91285898638675,0.580703698355202,3.02647880190901,3.27613410499403,0.58235181936477,1.86991921477061,3.23967222141643,0.0,17.4881188471968,4.289
2017,Other local bus,7.30225319371216,0.554654202178998,7.14730918246654,9.67627427289607,1.16439207387877,3.68894139752051,7.82149467239638,0.00510011544516428,37.3604191104946,9.291
2017,Non-local bus,0.090802646962581,0.00463641620873505,0.0,0.0235594850991313,0.00469652003156555,0.0,0.644300605525132,0.0,0.767995673827145,0.209
2017,London Underground,4.64179285969074,0.89875546302941,0.780906644188242,0.534942344178527,0.200991026852229,0.605804669360089,2.35092234038019,0.0,10.0141153476794,2.34
2017,Surface Rail,9.90942842812388,1.83490269078513,1.5072307901533,1.25055512579295,0.333116742146748,0.830488148140916,5.25476063553554,0.00794387587790265,20.9284264365564,5.281
2017,Taxi or minicab,1.1644767406468,0.251092732184441,0.659304070281839,1.06523659555142,0.368303746116267,1.27717258887496,4.29298299265178,0.00364451465988279,9.08221398096739,2.3
2017,Other public transport [note 7],1.70138590405402,0.129775075930939,0.344218760717311,0.601289310399669,0.0526406511394649,0.0973154087618519,0.943880035417926,0.0,3.87050514642118,0.932
2017,All modes,144.234782532607,27.1698299772453,121.616670567949,189.052704677421,87.2009321873279,95.6920127475145,251.649474743735,57.9157605467852,974.532167980585,256.457
2018,"Walk [notes 3, 4]",18.5887997339508,2.7043069303347,53.1163996334872,50.4927913829951,11.2982397859135,21.0393813966812,43.5543635244972,61.6590242621975,262.453306650057,69.45
2018,Pedal cycle [note 5],5.7266336789696,0.414219470499048,2.09788279139201,1.41147896898547,0.345633329082037,1.04091415856276,6.01436186112428,0.0,17.0511242586152,4.258
2018,Car or van driver,78.399016733596,20.2370519430485,27.1575634267466,83.8019982330422,48.9908339326775,39.3079978215991,96.752158034923,0.316834440423399,394.963454566056,103.747
2018,Car or van passenger,11.6165601154075,1.92910995073865,29.1639795635582,35.5460576903066,25.1672226721261,21.8990996866262,82.0894808858744,0.0388128080942947,207.450323372732,54.085
2018,Motorcycle,1.21621211219652,0.0217519779454362,0.0,0.119779558238064,0.0,0.105149609883776,0.427862477808139,0.00614063271203228,1.89689636878397,0.453
2018,Other private transport [note 6],0.475099079620789,0.198031643399767,2.7352982200267,0.913969008818174,0.373852306045364,0.564227986192048,2.19401424039133,0.0,7.45449248449417,1.949
2018,Bus in London,3.45156799503728,0.547165124948588,2.08546113707653,3.54363166558244,0.731693790119686,1.65177042240981,3.1433702203365,0.00414741697697466,15.1588077724878,3.416
2018,Other local bus,5.89093297201206,0.411247362459977,6.70887652928669,8.33115977537371,1.15190024164372,3.18336143144412,6.98340201172582,0.0,32.6608803239461,8.16
2018,Non-local bus,0.019605341280976,0.00519187863840455,0.0,0.0238257210475703,0.0,0.0,0.351924615982045,0.0,0.400547556948996,0.102
2018,London Underground,5.69998211326575,0.858238525566873,0.444833030865768,0.571275558410499,0.112590352746229,0.580704838183098,2.51413986770504,0.0,10.7817642867433,2.16
2018,Surface Rail,10.3681344870649,1.86836045623786,1.51632297220484,1.20260417064819,0.328092967881638,1.16292141050662,5.67044846833593,0.0,22.11688493288,5.22
2018,Taxi or minicab,1.38309500885276,0.278012702008253,0.810439988506762,1.28028332944762,0.364252928402913,1.43987120861701,4.87480539907355,0.0,10.4307605649089,2.501
2018,Other public transport [note 7],1.61289815747171,0.0777289445476084,0.190021359688815,0.555776174649665,0.103316706612448,0.161695570353364,0.740997787721011,0.0,3.44243470104462,0.761
2018,All modes,144.448537528727,29.5504169103737,126.02707865284,187.794631237545,88.9676290132511,92.1370955410592,255.311329395498,62.0249595604042,986.261677839698,256.262
2019,"Walk [notes 3, 4]",16.8911427569102,2.26225824393295,51.5175412892926,46.0348608920114,12.4341836265452,19.9744617222178,40.1212445902549,60.6453023385024,249.880995459667,66.063
2019,Pedal cycle [note 5],5.39684940206255,0.472861385342961,1.63020588006407,2.0177971157527,0.166922077195871,1.03427432495386,5.46220314779504,0.0,16.181113333167,3.852
2019,Car or van driver,75.3821149589169,18.1236063101196,27.4909795975715,83.2343236010684,44.9238746191331,37.9271220928733,92.5242875566568,0.351814855535575,379.958123591875,100.65
2019,Car or van passenger,9.86942749278259,2.06663733615574,28.8764963168431,34.3398411053394,23.4595747993235,20.3965313263528,81.1121200661288,0.0241127230022947,200.144741165928,52.978
2019,Motorcycle,1.17451633078305,0.107090038331522,0.0,0.250638936757718,0.0,0.110940426926852,0.506118750647205,0.0122293983725141,2.16153388181886,0.53
2019,Other private transport [note 6],0.508672257689934,0.286024239406571,2.23593153526641,0.953211264062262,0.296929472920323,0.796569974834059,2.06646460674804,0.0,7.1438033509276,1.937
2019,Bus in London,5.03300456595334,0.812463417995327,3.22986121137823,2.92890019394676,0.502078553246924,1.9211399198887,3.78056206445836,0.0,18.2080099268676,4.362
2019,Other local bus,6.4030677927555,0.483305947950749,7.19273324145324,7.43158876007468,0.812726176598005,2.88241019369987,6.41162743676013,0.00416476539473589,31.6216243146869,8.127
2019,Non-local bus,0.00677382366257,0.0583114899570844,0.00404138097216179,0.0,0.0,0.0151395323977352,0.383559190120454,0.0,0.467825417110006,0.115
2019,London Underground,7.21067720252695,0.774358360782906,0.548213528274445,0.422836283423749,0.0700857029771468,0.500966968584116,2.40363890197842,0.0,11.9307769485477,2.493
2019,Surface Rail,9.98251314000556,2.08664457508931,1.47033352335787,1.05989486198895,0.196907205663388,0.863435782698549,5.57331602080815,0.0,21.2330451096118,5.342
2019,Taxi or minicab,1.19649714403565,0.319483216501795,0.830475145430386,1.48393441177627,0.383981007821048,1.17402330754309,5.52253426221319,0.0,10.9109284953214,2.737
2019,Other public transport [note 7],1.02951185396155,0.110428698691167,0.209028468214114,0.443210508223362,0.108900694152212,0.158842807704138,0.651389983122609,0.0,2.71131301406915,0.67
2019,All modes,140.084768722046,27.9634732602577,125.235841118118,180.601037934426,83.3561639355767,87.7558583806749,246.519066577692,61.0376240808075,952.553834009599,249.856
2020,"Walk [notes 3, 4]",8.79309676758657,1.03708644280405,38.6039006597727,34.52794993524,6.85184837889142,13.0135527471189,19.9548699176351,113.651008563648,236.433313412696,27.275
2020,Pedal cycle [note 5],4.0775380137052,0.170721374652171,1.29848508018376,2.18950664624404,0.269662393971377,1.23896416168879,11.1795893969064,0.0,20.4244670673517,1.981
2020,Car or van driver,57.1685457357852,11.1010326815576,21.9473340278101,71.149176106575,33.731639136159,27.6010887037127,72.0453852781219,0.57452623099314,295.318727900715,35.765
2020,Car or van passenger,6.40554777418596,0.7260262016768,20.6696923075334,23.7553213765262,14.2042642137788,12.8161439329863,55.4399478875079,0.0339718520511138,134.050915546247,15.103
2020,Motorcycle,0.943551408102144,0.0278821654893316,0.0,0.185456463143576,0.0,0.0238482849443812,0.371950900434458,0.0,1.55268922211389,0.155
2020,Other private transport [note 6],0.398826085561997,0.1064919914121,1.89029292286791,1.57730837875686,0.150194771685084,0.255874686999489,1.9384582365637,0.0,6.31744707384714,0.703
2020,Bus in London,2.20713004345899,0.125544176936963,0.449502580755229,1.27739263225358,0.169719039798189,0.866250652477191,1.58426398177763,0.0,6.67980310745778,0.722
2020,Other local bus,3.17150097318605,0.0539655669882608,3.75426399963816,3.79613138863705,0.371563238740402,1.4256690984868,2.80014072508465,0.0,15.3732349907614,1.668
2020,Non-local bus,0.0,0.00359178051567646,0.0,0.0,0.0,0.0,0.100547751937984,0.0,0.104139532453661,0.012
2020,London Underground,2.53519336788232,0.187810004076611,0.109508051583985,0.308377289742424,0.0522143042694854,0.150814142475443,1.53019037776947,0.00689717606375513,4.88100471386349,0.446
2020,Surface Rail,3.9651682311324,0.419904946960661,1.10593327577636,1.72109224752233,0.0271182552081203,0.470233887866566,3.00619360323221,0.0,10.7156444476987,1.128
2020,Taxi or minicab,0.986827915739953,0.0710728389046117,0.436348199040222,0.535892642503773,0.0369177209007411,0.776382647813105,3.0092808175982,0.0,5.85272278250061,0.574
2020,Other public transport [note 7],0.465265911847109,0.0918940328350229,0.0626310123740041,0.0351006909119666,0.00565010358331481,0.0424837347195802,0.386239559351734,0.0,1.08926504562273,0.111
2020,All modes,91.1181922281739,14.1230242048099,90.3278921173359,141.058705798057,55.870791556986,58.6813066812892,173.347058433921,114.266403822756,738.793374843329,85.643
2021,"Walk [notes 3, 4]",10.8210901433442,1.3108591370557,42.0457875223875,36.1361569663993,7.91034756439783,11.9974130204499,18.7307280908621,105.736708073777,234.689090518674,41.781
2021,Pedal cycle [note 5],4.01908905342387,0.285461598701823,1.27322047557153,1.67355711965474,0.328174960488183,0.57947171298395,6.84816722656884,0.0,15.0071421473929,2.517
2021,Car or van driver,60.5447760536346,9.7376740669012,23.1896043489758,62.3448870629665,40.0642167484544,28.3676948939967,75.0361153568182,0.329165979126682,299.614134510874,52.849
2021,Car or van passenger,6.75607449017941,0.629835309063222,21.8554077779068,22.9997182595659,17.5065612601494,16.5932232342475,61.5096732609788,0.0110028714686838,147.86149646356,24.397
2021,Motorcycle,0.694774284536831,0.044247898987678,0.0425414315612588,0.127071061884265,0.0,0.0388083477586965,0.389373318073725,0.0,1.33681634280245,0.216
2021,Other private transport [note 6],0.297227904221043,0.045068023961373,2.66540589710269,0.521618452711526,0.0136446926510219,0.479025399078353,0.738726223177844,0.0,4.76071659290385,0.801
2021,Bus in London,1.85189805371033,0.215774072357394,2.86505137795845,1.8314080912909,0.127790651762984,0.592653026436405,1.62938909249941,0.0,9.11396436601587,1.159
2021,Other local bus,3.91660264627483,0.497916478814432,2.13802930051949,4.69965545865314,0.700789579027039,1.34353193292263,3.96269389790151,0.0,17.2592192941131,2.59
2021,Non-local bus,0.0,0.0,0.0,0.0,0.0,0.0,0.169342879774643,0.0,0.169342879774643,0.025
2021,London Underground,3.87902085489843,0.221226028754551,0.564451562260606,0.55772717825657,0.0172579946724156,0.374445123430454,1.93819122652517,0.0,7.5523199687982,0.754
2021,Surface Rail,5.4716003720115,0.294730444660636,0.729665680533726,0.601884503679944,0.113297191237068,0.365309059104472,3.63410730814042,0.0,11.2105945593678,1.544
2021,Taxi or minicab,1.02549895251648,0.0830407946280254,0.691109162318686,1.11615510626668,0.355763805125207,0.636905014308903,2.59334825858158,0.0,6.50182109374556,0.964
2021,Other public transport [note 7],0.364015995073315,0.0,0.235112596771404,0.293012764080067,0.0,0.0883284481783962,0.581140572323167,0.0,1.56161037642635,0.248
2021,All modes,99.6416688038249,13.365833853886,98.295387133868,132.90285202541,67.1378444479655,61.4568092128964,177.760996712225,106.076876924372,756.638269114448,129.845
2022,"Walk [notes 3, 4]",15.7101143565141,1.4382705129888,51.154854927514,40.326681706947,12.6919726916657,17.5246099874275,36.4106538402991,91.4135772552491,266.670735278605,40.286
2022,Pedal cycle [note 5],4.6091518464123,0.330901568362733,1.97266691162135,1.63328207759312,0.375442739329866,0.867649968508213,5.60410911812548,0.0,15.3932042299531,2.164
2022,Car or van driver,69.4610048796204,12.5862771390254,25.5397210315127,70.6113253801358,40.6336672969816,29.8958284778872,87.6484328628627,0.361209768673493,336.737466836699,52.509
2022,Car or van passenger,9.1678104557969,1.10750635048179,23.9083383260565,27.3314934552224,18.4035866870035,15.3873678894811,69.2267769045288,0.0213827757734627,164.554262844345,24.788
2022,Motorcycle,1.2633548989556,0.040631212952381,0.00568155320590104,0.208842375598803,0.00338443894200895,0.0793942599460265,0.363256040629977,0.0,1.96454478023069,0.277
2022,Other private transport [note 6],0.141716273023845,0.155378008606525,2.44305763388934,0.731214260800717,0.173209425338044,0.761761453573932,1.44364053679875,0.0,5.84997759203115,0.918
2022,Bus in London,2.88701760810182,0.32542343048096,4.47562308807392,2.6780723671575,0.350332322165264,1.16303316124734,2.60381226406928,0.0,14.4833142412961,1.858
2022,Other local bus,5.06709500198195,0.335031184787038,5.77347804804366,4.85351920657593,0.549276322333913,1.57012184744597,5.10364746500374,0.0,23.2521690761722,3.26
2022,Non-local bus,0.0,0.0,0.0167459198845101,0.0102239405977368,0.0,0.0,0.180055335155944,0.0,0.207025195638191,0.033
2022,London Underground,3.11930589326971,0.403312218043382,0.327500308438269,0.468442927230481,0.0977626119439866,0.502056005449081,2.57120073937551,0.0,7.48958070375042,0.954
2022,Surface Rail,5.80139225835721,1.08806895303325,1.33989135604321,0.979158584960512,0.121185941864555,0.608528777719778,5.40533368029236,0.00964308398371324,15.3532026362546,2.178
2022,Taxi or minicab,1.16042724354268,0.13692696604766,0.816879201023922,0.93267130071511,0.357282850833744,0.846506692228191,3.66015008860077,0.0,7.91084434299208,1.088
2022,Other public transport [note 7],0.606028507861921,0.0962431333899551,0.209469093938084,0.372418338702761,0.00802155143566043,0.135554077024244,0.7547225868732,0.0,2.18245728922582,0.32
2022,All modes,118.994419223438,18.0439706781999,117.983907399245,151.137345922238,73.7651248798379,69.3424125979386,220.975791462616,91.8058128836797,862.048785047193,130.633
